label,surname,givenName,email,phone,fullAddress,documentNumber,nationality,birthDate
profile_001,Hernández,Hernández,lisgxie1615x@outlook.com,612483957,"Carrer de Felip II, 25",QF4839201,Mexico,01/03/1980
profile_002,García,García,tvqxhbb5478g@outlook.com,678152304,"Carrer de Mallorca, 118",MX1205738,Mexico,14/07/1980
profile_003,Martínez,Martínez,beyemgy9176u@outlook.com,634907281,"Carrer d'Aragó, 247",LT7743910,Mexico,22/11/1980
profile_004,López,López,jmudcbc3697d@outlook.com,711582496,"Carrer de València, 63",PK2056843,Mexico,09/01/1980
profile_005,González,González,rfzzxev3977r@outlook.com,689341725,"Carrer de Provença, 184",ZN6482715,Mexico,17/05/1980
profile_006,Pérez,Pérez,uejhznv4665n@outlook.com,623574819,"Carrer de Muntaner, 92",RV3915208,Mexico,28/08/1980
profile_007,Rodríguez,Rodríguez,jmgomdf8368d@outlook.com,742618305,"Carrer d'Entença, 156",HC8471936,Mexico,06/12/1980
profile_008,Sánchez,Sánchez,saegkcj0816b@outlook.com,671295843,"Carrer de Calàbria, 71",WY2604817,Mexico,19/04/1980
profile_009,Ramírez,Ramírez,ebfbush7751t@outlook.com,638470159,"Carrer de Rocafort, 209",DG5937420,Mexico,11/09/1980
profile_010,Torres,Torres,omtqgny0469h@outlook.com,719364852,"Carrer de Viladomat, 134",TJ8146295,Mexico,25/02/1981
profile_011,Flores,Flores,gulscjn0065v@outlook.com,654281937,"Carrer de Casanova, 58",UL3759184,Colombia,03/06/1981
profile_012,Rivera,Rivera,ixzifzt0602i@outlook.com,693715248,"Carrer de Balmes, 301",XE9024671,Colombia,16/10/1981
profile_013,Gómez,Gómez,zdymdsx4802g@outlook.com,627840351,"Carrer d'Enric Granados, 44",KM1468053,Colombia,29/01/1981
profile_014,Díaz,Díaz,eagqaip2600d@outlook.com,734195826,"Carrer de Girona, 173",NP7382506,Colombia,08/07/1981
profile_015,Vargas,Vargas,ccdxpjy4288t@outlook.com,681427593,"Carrer de Roger de Llúria, 89",CY5819047,Colombia,21/11/1981
profile_016,Castro,Castro,stvqedl8420i@outlook.com,645908172,"Carrer de Pau Claris, 212",VH3206748,Colombia,12/03/1981
profile_017,Morales,Morales,ogunwlx8529j@outlook.com,712638495,"Carrer del Consell de Cent, 145",GS9641825,Colombia,27/05/1981
profile_018,Rojas,Rojas,vpajbhs9219n@outlook.com,698251734,"Carrer de Diputació, 286",JR4073951,Colombia,05/09/1981
profile_019,Ortega,Ortega,lbwgurg9272w@outlook.com,631794258,"Carrer de Sepúlveda, 39",BD8527614,Colombia,18/12/1981
profile_020,Delgado,Delgado,uwbdhww2471a@outlook.com,726405819,"Carrer de Tamarit, 167",LP6194308,Colombia,30/04/1982
profile_021,Quispe,Quispe,uswdpnj0992g@outlook.com,674182953,"Carrer de Floridablanca, 94",XF2749186,Peru,07/08/1982
profile_022,Mamani,Mamani,gsbyfes0368o@outlook.com,659347821,"Carrer de Villarroel, 221",QT7035619,Peru,15/01/1982
profile_023,Huamán,Huamán,hzhxxln7209c@outlook.com,617528439,"Carrer de Londres, 76",MN4582307,Peru,24/06/1982
profile_024,Condori,Condori,zczcowb6289k@outlook.com,703814265,"Carrer de París, 154",ZK1968472,Peru,10/10/1982
profile_025,Choque,Choque,qlumucx3129n@outlook.com,682759314,"Carrer de Berlín, 33",RW8351204,Peru,28/02/1982
profile_026,Ccalla,Ccalla,ulqavld0645s@outlook.com,644230987,"Carrer de Numància, 198",HC6247951,Peru,13/07/1982
profile_027,Llanque,Llanque,ncozoyo3969m@outlook.com,731586429,"Carrer de Nicaragua, 52",YD3814068,Peru,26/11/1982
profile_028,Apaza,Apaza,xynwdbz6630s@outlook.com,697124835,"Carrer de Tarragona, 241",PV9472513,Peru,04/04/1982
profile_029,Yupanqui,Yupanqui,ltlzloc4353s@outlook.com,625873941,"Carrer de Sants, 315",GK2609384,Peru,19/09/1982
profile_030,Tacuri,Tacuri,ewlvvtb2430r@outlook.com,718205364,"Carrer de Creu Coberta, 127",SL7154829,Peru,31/12/1982
profile_031,Poma,Poma,wbhhehj4341q@outlook.com,653970218,"Carrer de la Diputació, 64",NX4031765,Peru,02/05/1983
profile_032,Huaraca,Huaraca,zbpaoki8277a@outlook.com,686341759,"Carrer de Casp, 183",CJ8642901,Peru,14/08/1983
profile_033,Cusi,Cusi,erfxtyj7311r@outlook.com,620594873,"Carrer d'Ausiàs Marc, 97",TM5297184,Peru,23/01/1983
profile_034,Pillco,Pillco,cflvjjo4625s@outlook.com,740182536,"Carrer de Nàpols, 256",WB1703652,Peru,09/06/1983
profile_035,Suni,Suni,ipjvblw9651h@outlook.com,675928341,"Carrer de Sicília, 111",KR9360417,Peru,17/10/1983
profile_036,Chávez,Chávez,pinhpek7256e@outlook.com,661473295,"Carrer de Marina, 204",DG4827501,Argentina,28/03/1983
profile_037,Mendoza,Mendoza,sxqovdy0863p@outlook.com,614829573,"Carrer de Lepant, 68",YU2183946,Argentina,06/07/1983
profile_038,Salazar,Salazar,mkeiwgw4239e@outlook.com,724361980,"Carrer de Padilla, 149",FH7602518,Argentina,20/11/1983
profile_039,Aguilar,Aguilar,baxsnkl2017q@outlook.com,690758124,"Carrer de Cartagena, 82",QP5948730,Argentina,11/04/1983
profile_040,Vega,Vega,cmupagj8813q@outlook.com,632145897,"Carrer de Dos de Maig, 231",LX3416207,Argentina,25/09/1983
profile_041,Navarro,Navarro,uerdzdi0177c@outlook.com,716984253,"Carrer de la Independència, 53",NV8052741,Chile,03/12/1984
profile_042,Suárez,Suárez,pvuirbd1919z@outlook.com,657312489,"Carrer de Freser, 174",JE4729185,Chile,16/05/1984
profile_043,Herrera,Herrera,kjbzusw1240c@outlook.com,684570912,"Carrer del Rosselló, 119",SM1264509,Chile,29/08/1984
profile_044,Romero,Romero,asylmlp5817w@outlook.com,621839754,"Carrer de Còrsega, 265",TK9381604,Chile,07/01/1984
profile_045,Cruz,Cruz,fukagug7796b@outlook.com,738241695,"Carrer de Sardenya, 88",RC5073412,Chile,18/06/1984
profile_046,Guerrero,Guerrero,eamrdcz5211k@outlook.com,672594138,"Carrer de Bac de Roda, 192",WP6842095,Chile,24/10/1984
profile_047,Medina,Medina,hcxywiw5085z@outlook.com,649173825,"Carrer de Lope de Vega, 47",GD2519378,Chile,12/02/1984
profile_048,Núñez,Núñez,qniqgbj4047p@outlook.com,610482759,"Carrer de Bilbao, 138",HZ7904163,Chile,27/07/1984
profile_049,Campos,Campos,xlodkcz0308b@outlook.com,721695384,"Carrer de Llull, 274",VN4381257,Chile,05/11/1984
profile_050,Silva,Silva,jawgobi7863q@outlook.com,695248731,"Carrer de Pujades, 95",QY1658042,Chile,21/04/1984
profile_051,Sato,Sato,xjmxuce5679i@outlook.com,636917452,"Carrer de Pamplona, 161",MF8273915,Bolivia,08/09/1985
profile_052,Suzuki,Suzuki,pygfcpo8895b@outlook.com,714305968,"Carrer d'Àlaba, 73",LP3047681,Bolivia,15/03/1985
profile_053,Takahashi,Takahashi,bisjzsh3330p@outlook.com,658721943,"Carrer de Badajoz, 216",XJ9514206,Bolivia,30/06/1985
profile_054,Tanaka,Tanaka,euiahkk1657z@outlook.com,687034125,"Carrer de Zamora, 57",TR6780531,Bolivia,04/12/1985
profile_055,Watanabe,Watanabe,yednwfg6243q@outlook.com,624958317,"Carrer de Pere IV, 188",CK2194857,Bolivia,19/01/1985
profile_056,Ito,Ito,diwtgej8127u@outlook.com,730614289,"Carrer de Ramon Turró, 124",DZ8406719,Bolivia,26/05/1985
profile_057,Yamamoto,Yamamoto,ldbjpgo8196t@outlook.com,679285413,"Carrer de la Llacuna, 42",UH5361904,Bolivia,11/08/1985
profile_058,Nakamura,Nakamura,hdafvhl8043u@outlook.com,643710852,"Carrer de Provençals, 203",GN4726038,Bolivia,23/10/1985
profile_059,Kobayashi,Kobayashi,zaiswen8311o@outlook.com,615397284,"Carrer de Selva de Mar, 66",PW1857294,Bolivia,07/04/1985
profile_060,Kato,Kato,xceingp0291f@outlook.com,707428591,"Carrer del Perú, 179",RY9634081,Bolivia,14/11/1985
profile_061,Yoshida,Yoshida,ogogaqc5990d@outlook.com,683951742,"Carrer de Veneçuela, 84",KM2507168,Ecuador,02/02/1986
profile_062,Yamada,Yamada,ynjyldy1777l@outlook.com,651274839,"Carrer de Josep Pla, 248",XF8195342,Ecuador,17/07/1986
profile_063,Sasaki,Sasaki,rvdmlnv6124k@outlook.com,628403715,"Carrer del Treball, 101",VT4062817,Ecuador,28/09/1986
profile_064,Yamaguchi,Yamaguchi,kdiiycc6586p@outlook.com,735198264,"Carrer d'Andrade, 159",JC5739406,Ecuador,09/03/1986
profile_065,Matsumoto,Matsumoto,rpfikbt2271r@outlook.com,670845329,"Carrer de Cantàbria, 72",LQ2841675,Ecuador,21/06/1986
profile_066,Inoue,Inoue,pehkcpb6161k@outlook.com,696713548,"Carrer de Guipúscoa, 229",NB9503728,Ecuador,05/12/1986
profile_067,Kimura,Kimura,rkegbhw8580s@outlook.com,633582971,"Carrer d'Espronceda, 54",HG6182054,Ecuador,13/01/1986
profile_068,Hayashi,Hayashi,gbcguzp9509a@outlook.com,717240836,"Carrer de Fluvià, 143",ZS3479160,Ecuador,24/08/1986
profile_069,Shimizu,Shimizu,gkxmmou1737m@outlook.com,660391457,"Carrer del Clot, 87",WP7024683,Ecuador,10/11/1986
profile_070,Abe,Abe,regpwez2967s@outlook.com,619854723,"Carrer d'Aragó, 312",DY1948537,Ecuador,29/04/1986
profile_071,Kim,Kim,yclyxps0537o@outlook.com,729436185,"Carrer de Xifré, 46",KR8260419,Guatemala,06/10/1987
profile_072,Lee,Lee,suqcvjq6403a@outlook.com,685127349,"Carrer de València, 271",TM5307186,Guatemala,18/02/1987
profile_073,Park,Park,gpfpjva8087w@outlook.com,647203918,"Carrer de Mallorca, 136",XV2471905,Guatemala,25/05/1987
profile_074,Choi,Choi,zficsvc8976a@outlook.com,613978245,"Carrer de Provença, 57",QH8643207,Guatemala,03/09/1987
profile_075,Jung,Jung,chxcfud2447r@outlook.com,741562830,"Carrer de Lepant, 263",LF3918254,Guatemala,14/12/1987
profile_076,Kang,Kang,qkbrqhp4637f@outlook.com,676384512,"Carrer de Cartagena, 98",UC7054189,Guatemala,22/01/1987
profile_077,Cho,Cho,lkjkfwq5510o@outlook.com,694820173,"Carrer de Padilla, 177",GN2586401,Guatemala,08/06/1987
profile_078,Yoon,Yoon,jwnteqq7479u@outlook.com,626719584,"Carrer de Castillejos, 69",RJ9431762,Guatemala,19/08/1987
profile_079,Jang,Jang,trqarxg2583z@outlook.com,710253947,"Carrer de la Marina, 244",PK6803594,Guatemala,30/11/1987
profile_080,Lim,Lim,titbkhk8815c@outlook.com,652840391,"Carrer de la Independència, 121",WY1278046,Guatemala,11/04/1987
profile_081,Han,Han,cswllkp9422q@outlook.com,688492715,"Carrer de Rogent, 34",DM5729418,Dominican Republic,27/07/1988
profile_082,Shin,Shin,nyemfix6764g@outlook.com,622135879,"Carrer de Freser, 206",SX3094865,Dominican Republic,04/01/1988
profile_083,Seo,Seo,eonowin0653z@outlook.com,732907146,"Carrer del Dos de Maig, 93",VH8412507,Dominican Republic,16/03/1988
profile_084,Kwon,Kwon,jdbdyrw5184z@outlook.com,673451298,"Carrer de Navas de Tolosa, 152",QE6941370,Dominican Republic,23/09/1988
profile_085,Hwang,Hwang,ehoignf8094w@outlook.com,648719203,"Carrer de Biscaia, 41",LT2605841,Dominican Republic,07/12/1988
profile_086,Ahn,Ahn,faxhawo6645w@outlook.com,611268954,"Carrer de Felip II, 218",NZ7153098,Dominican Republic,18/05/1988
profile_087,Song,Song,duhcjnm6540m@outlook.com,723580641,"Carrer del Pont del Treball Digne, 77",CG4839217,Dominican Republic,29/10/1988
profile_088,Jeon,Jeon,zqlibvn5981d@outlook.com,691437825,"Carrer de Garcilaso, 164",YP9047613,Dominican Republic,12/02/1988
profile_089,Hong,Hong,ksavzxg7087x@outlook.com,635024718,"Carrer de Concepción Arenal, 56",MW3518460,Dominican Republic,21/06/1988
profile_090,Oh,Oh,zpbjblx4184j@outlook.com,715698342,"Carrer d'Olesa, 132",HK6902745,Dominican Republic,05/08/1988
profile_091,Wang,Wang,zzfwujb2047f@outlook.com,656103894,"Carrer d'Hondures, 28",TR1285936,Venezuela,14/11/1989
profile_092,Li,Li,vxachmj9202l@outlook.com,680742531,"Carrer de Còrsega, 319",XF5472018,Venezuela,02/04/1989
profile_093,Zhang,Zhang,dfuvdnp3865u@outlook.com,629381475,"Carrer de la Indústria, 147",SL8360954,Venezuela,25/07/1989
profile_094,Liu,Liu,ubpssps9768h@outlook.com,736524109,"Carrer de Sant Antoni Maria Claret, 83",QD2716840,Venezuela,09/01/1989
profile_095,Chen,Chen,rjhixid8251z@outlook.com,677930254,"Carrer de Cartagena, 267",VC9503172,Venezuela,17/03/1989
profile_096,Yang,Yang,sxqkjjq2217m@outlook.com,642518793,"Carrer de Castillejos, 59",JM4827605,Venezuela,28/06/1989
profile_097,Huang,Huang,pkyhjrg4112w@outlook.com,618274365,"Carrer de Lepant, 186",RU1359048,Venezuela,06/09/1989
profile_098,Zhao,Zhao,ltrysgy5948c@outlook.com,708651932,"Carrer de Padilla, 74",GN7692183,Venezuela,19/12/1989
profile_099,Wu,Wu,zgqnpte0611h@outlook.com,684213597,"Carrer de Sardenya, 239",WP3408561,Venezuela,11/05/1989
profile_100,Zhou,Zhou,adztqat8695u@outlook.com,650948271,"Carrer de Marina, 105",LK8246907,Venezuela,24/10/1989
profile_101,Xu,Xu,tbfgmuy8496m@outlook.com,627364819,"Carrer de Bailèn, 194",TY5931408,Honduras,03/02/1990
profile_102,Sun,Sun,yqdzhbz0086a@outlook.com,743195682,"Carrer de Girona, 81",HC2067849,Honduras,15/08/1990
profile_103,Ma,Ma,xxspcfz4368k@outlook.com,669420358,"Carrer de Roger de Flor, 227",XN9473150,Honduras,26/11/1990
profile_104,Zhu,Zhu,bogeewy0749s@outlook.com,634158927,"Carrer de Nàpols, 116",QB6812504,Honduras,07/03/1990
profile_105,Hu,Hu,qnxweuj0254c@outlook.com,720683415,"Carrer de Sicília, 251",MF3729841,Honduras,18/07/1990
profile_106,Guo,Guo,atgunne8276d@outlook.com,657894231,"Carrer de Pau Claris, 62",ZV1506482,Honduras,29/09/1990
profile_107,He,He,jjjxvfz8444o@outlook.com,692105478,"Carrer de Bruc, 173",DG8052937,Honduras,10/01/1990
profile_108,Gao,Gao,prxaknn7320r@outlook.com,623741859,"Carrer de Girona, 49",RJ4267105,Honduras,21/04/1990
profile_109,Lin,Lin,updzmxz0338i@outlook.com,731264590,"Carrer d'Alí Bei, 137",PL9735804,Honduras,05/06/1990
profile_110,Luo,Luo,whdmnej2303p@outlook.com,674839125,"Carrer de Casp, 291",KW2607193,Honduras,13/12/1990
profile_111,Tseden,Tseden,sohsdfg6980d@outlook.com,646572983,"Carrer de Ribes, 88",UH5814027,El Salvador,30/05/1991
profile_112,Batbayar,Batbayar,rjvpfaf5500k@outlook.com,612794368,"Carrer de la Marina, 157",CY7483160,El Salvador,08/10/1991
profile_113,Erdene,Erdene,dlrlgra8220t@outlook.com,718350924,"Carrer de Wellington, 36",TM1946852,El Salvador,17/02/1991
profile_114,Ganbold,Ganbold,jlgdywr9448z@outlook.com,689027413,"Carrer de Pujades, 214",NX8304716,El Salvador,24/07/1991
profile_115,Naran,Naran,qgigqdy0469j@outlook.com,630415897,"Carrer de Buenaventura Muñoz, 71",GD5629083,El Salvador,11/11/1991
profile_116,Temuulen,Temuulen,yymiigi2172z@outlook.com,727918346,"Carrer de Ramon Turró, 263",VP2173645,El Salvador,28/01/1991
profile_117,Otgon,Otgon,ftrokcj8692f@outlook.com,663204759,"Carrer de Llull, 98",LS9841207,El Salvador,06/04/1991
profile_118,Enkhbat,Enkhbat,uswqqgh2818z@outlook.com,617945832,"Carrer d'Àvila, 182",QK4605931,El Salvador,19/06/1991
profile_119,Batsaikhan,Batsaikhan,egcwofg9914t@outlook.com,705381624,"Carrer d'Àlaba, 67",WR1258704,El Salvador,22/09/1991
profile_120,Munkh,Munkh,atcvvpv9255z@outlook.com,681092547,"Carrer de Pamplona, 246",HZ7364198,El Salvador,14/12/1991
profile_121,Dorj,Dorj,xiawqdh7960d@outlook.com,625684173,"Carrer de Badajoz, 113",JC5902481,Paraguay,01/03/1992
profile_122,Sukhbaatar,Sukhbaatar,esypfic2702i@outlook.com,739251608,"Carrer de Bilbao, 52",XM2647815,Paraguay,16/08/1992
profile_123,Altan,Altan,ytfyiaq6160a@outlook.com,670513984,"Carrer de Lope de Vega, 171",TF8194602,Paraguay,27/10/1992
profile_124,Purev,Purev,vtjkhny5825d@outlook.com,694378251,"Carrer d'Espronceda, 86",PK3071528,Paraguay,09/02/1992
profile_125,Tseren,Tseren,sklglmz6284d@outlook.com,632860417,"Carrer de Fluvià, 234",RD6482907,Paraguay,20/05/1992
profile_126,Ariunaa,Ariunaa,gshaovm9101e@outlook.com,714927635,"Carrer del Perú, 119",YU1735084,Paraguay,05/07/1992
profile_127,Bolormaa,Bolormaa,kmveykq1763h@outlook.com,655240983,"Carrer de Josep Pla, 278",GN9254163,Paraguay,13/11/1992
profile_128,Khasar,Khasar,spunmaq9200a@outlook.com,687615294,"Carrer de Selva de Mar, 63",LV4802719,Paraguay,24/04/1992
profile_129,Mendbayar,Mendbayar,znzpbxl1465u@outlook.com,621473850,"Carrer de Veneçuela, 153",QS3148605,Paraguay,07/09/1992
profile_130,Oyun,Oyun,novlzao9351f@outlook.com,733194726,"Carrer del Treball, 92",WB7682051,Paraguay,18/12/1992
profile_131,Nguyễn,Nguyễn,esjgbmz8867m@outlook.com,678540319,"Carrer d'Andrade, 207",DK5913470,Uruguay,29/01/1993
profile_132,Trần,Trần,hmnhnkn9060u@outlook.com,641829573,"Carrer de Cantàbria, 44",TR2409816,Uruguay,10/06/1993
profile_133,Lê,Lê,mhjqxjf5202y@outlook.com,610957284,"Carrer de Guipúscoa, 196",XF8357241,Uruguay,21/08/1993
profile_134,Phạm,Phạm,mvthhsr7394y@outlook.com,722406195,"Carrer de Bac de Roda, 128",HM6725038,Uruguay,03/11/1993
profile_135,Hoàng,Hoàng,fgmajhu5964j@outlook.com,693284761,"Carrer de Menorca, 57",CN1498705,Uruguay,14/04/1993
profile_136,Huỳnh,Huỳnh,hhncxdq5619j@outlook.com,636501948,"Carrer de Huelva, 166",VP9063412,Uruguay,26/07/1993
profile_137,Phan,Phan,gdxlwkk0089v@outlook.com,716372850,"Carrer de Mallorca, 309",LG2574189,Uruguay,08/12/1993
profile_138,Vũ,Vũ,cztjaye5729y@outlook.com,659018432,"Carrer de València, 124",QW8301647,Uruguay,19/02/1993
profile_139,Đặng,Đặng,czjzaub8897o@outlook.com,685793124,"Carrer d'Aribau, 83",RJ5942803,Uruguay,30/09/1993
profile_140,Bùi,Bùi,xhyypkh8862p@outlook.com,624360715,"Carrer de Balmes, 217",TY1469385,Uruguay,12/05/1993
profile_141,Đỗ,Đỗ,sznjtds2238w@outlook.com,740829561,"Carrer de Muntaner, 146",UC7815024,Costa Rica,25/10/1994
profile_142,Hồ,Hồ,ybsjsqo8951l@outlook.com,671254983,"Carrer de Casanova, 61",DN4086759,Costa Rica,04/03/1994
profile_143,Ngô,Ngô,nthttgt5451j@outlook.com,647138250,"Carrer de Calàbria, 193",KM9523168,Costa Rica,17/06/1994
profile_144,Dương,Dương,zujdoay4967h@outlook.com,613640972,"Carrer de Rocafort, 74",XV2637401,Costa Rica,28/08/1994
profile_145,Lý,Lý,nctwhqn4201j@outlook.com,728195634,"Carrer de Viladomat, 258",PL8704516,Costa Rica,09/12/1994
profile_146,Đinh,Đinh,rgfokvk3688q@outlook.com,690471258,"Carrer de Tarragona, 96",GS5142908,Costa Rica,21/01/1994
profile_147,Mai,Mai,pglwtxu3605p@outlook.com,631582740,"Carrer de Llançà, 184",HZ3487612,Costa Rica,06/05/1994
profile_148,Trịnh,Trịnh,owwckng8829h@outlook.com,711934685,"Carrer de Llançà, 43",WF1905284,Costa Rica,15/07/1994
profile_149,Đoàn,Đoàn,eqvnedo7849v@outlook.com,658347120,"Carrer d'Entença, 228",CQ7654130,Costa Rica,27/11/1994
profile_150,Võ,Võ,bbrucip2083l@outlook.com,682750491,"Carrer de Sepúlveda, 117",NJ2846905,Costa Rica,10/04/1994
profile_151,Santos,Santos,etuxkht2754k@outlook.com,620845973,"Carrer de Floridablanca, 69",RT9317458,Nicaragua,18/09/1995
profile_152,Reyes,Reyes,maohqyp6991w@outlook.com,734618250,"Carrer de Tamarit, 201",LY6024187,Nicaragua,02/01/1995
profile_153,Cruz,Cruz,anobqlq3996e@outlook.com,675391842,"Carrer de Parlament, 54",DP8573041,Nicaragua,13/03/1995
profile_154,Bautista,Bautista,rbgzhaw6068m@outlook.com,644827315,"Carrer de Comte Borrell, 172",UK1467093,Nicaragua,24/06/1995
profile_155,Garcia,Garcia,cadfshz6231j@outlook.com,616203759,"Carrer del Comte d'Urgell, 89",GN5804216,Nicaragua,05/10/1995
profile_156,Mendoza,Mendoza,ovjdzaq1861s@outlook.com,706915428,"Carrer de Londres, 237",VX2397185,Nicaragua,16/12/1995
profile_157,Torres,Torres,mwlflvj9774f@outlook.com,688134570,"Carrer de París, 95",QM8641057,Nicaragua,29/04/1995
profile_158,Castillo,Castillo,yqgdzqc5917z@outlook.com,626590184,"Carrer de Berlín, 148",LC3174902,Nicaragua,07/08/1995
profile_159,Ramos,Ramos,ktklbjs5054x@outlook.com,719472635,"Carrer de Nicaragua, 72",TR9052684,Nicaragua,20/11/1995
profile_160,Aquino,Aquino,rgfaomv5868k@outlook.com,653018947,"Carrer de Numància, 263",HY4703819,Nicaragua,11/02/1995
profile_161,Fernandez,Fernandez,saygtov5192v@outlook.com,697845213,"Carrer de Joan Güell, 58",PK2586407,Panama,23/07/1996
profile_162,Moreno,Moreno,agjponq4859o@outlook.com,622734651,"Carrer de Galileo, 139",DB7915304,Panama,01/09/1996
profile_163,Domingo,Domingo,moencmi8053j@outlook.com,730159482,"Carrer de Vallespir, 221",WN4368271,Panama,14/01/1996
profile_164,Salvador,Salvador,eekfyfx7433c@outlook.com,672483590,"Carrer de Violant d'Hongria, 87",JF9041538,Panama,25/04/1996
profile_165,Navarro,Navarro,iurqeip4457p@outlook.com,649261738,"Carrer de Sants, 296",XM6207485,Panama,06/06/1996
profile_166,De la Cruz,De la Cruz,myxuovp7482f@outlook.com,614508293,"Carrer de Cros, 64",QS1859340,Panama,17/10/1996
profile_167,Mercado,Mercado,xjctxex3488y@outlook.com,721837465,"Carrer de Begur, 175",VG8732016,Panama,28/12/1996
profile_168,Rosales,Rosales,jydbyyq9728p@outlook.com,686902314,"Carrer de Badal, 109",LT3497608,Panama,09/05/1996
profile_169,Villanueva,Villanueva,rupjsdy7967p@outlook.com,633174859,"Carrer de la Riera Blanca, 233",RC5078261,Panama,21/08/1996
profile_170,Panganiban,Panganiban,nknwpyq3367c@outlook.com,715043926,"Carrer d'Olzinelles, 51",YP2641059,Panama,12/11/1996
profile_171,Bacalso,Bacalso,nnqiqqs5070q@outlook.com,660728541,"Carrer de Sugranyes, 143",DK9184730,Cuba,30/03/1997
profile_172,López,López,cirqwys6445u@outlook.com,618395270,"Carrer de Carreras i Candi, 78",HU3509268,Cuba,08/07/1997
profile_173,Pérez,Pérez,itjnuuo5972u@outlook.com,742651839,"Carrer de Guitard, 162",MN7425801,Cuba,19/09/1997
profile_174,Morales,Morales,flvklid2018k@outlook.com,679134205,"Carrer de Puiggarí, 47",ZX1643907,Cuba,02/12/1997
profile_175,Castillo,Castillo,wmkwrzn2857j@outlook.com,645780391,"Carrer del Taquígraf Serra, 188",QJ6852174,Cuba,15/01/1997
profile_176,Jiménez,Jiménez,dpmfhrb6851g@outlook.com,611923874,"Carrer del Taquígraf Garriga, 73",VF2309481,Cuba,26/04/1997
profile_177,Herrera,Herrera,vfebznt7354l@outlook.com,724508163,"Carrer d'Europa, 154",TG9714605,Cuba,07/06/1997
profile_178,Ramos,Ramos,cmovpym2993y@outlook.com,691285740,"Carrer de Can Bruixa, 66",CP5482037,Cuba,18/10/1997
profile_179,Vásquez,Vásquez,hriqwcp4302x@outlook.com,637419528,"Carrer de Joan Gamper, 214",LW8063194,Cuba,29/11/1997
profile_180,Cabrera,Cabrera,bbppqpu1232r@outlook.com,710864352,"Carrer de Mejía Lequerica, 92",RY1275486,Cuba,10/02/1997
profile_181,Molina,Molina,lsqxfza3727y@outlook.com,654732819,"Carrer del Bages, 39",HK6932041,Puerto Rico,24/05/1998
profile_182,Fuentes,Fuentes,zanmhzo2689b@outlook.com,683507194,"Carrer del Moianès, 137",UN4508713,Puerto Rico,03/08/1998
profile_183,Ríos,Ríos,zmbddol7665o@outlook.com,623918475,"Carrer de Bacardí, 57",DJ2856409,Puerto Rico,16/11/1998
profile_184,Peña,Peña,fjkdjgy7792f@outlook.com,738062541,"Carrer de Càceres, 169",XM9173052,Puerto Rico,27/01/1998
profile_185,Cordero,Cordero,bcqzofq0259i@outlook.com,676129384,"Carrer de Gavà, 84",QS3648917,Puerto Rico,09/04/1998
profile_186,Arias,Arias,ohqcpki1799o@outlook.com,640573918,"Carrer de Jocs Florals, 245",LP7402165,Puerto Rico,20/06/1998
profile_187,Palacios,Palacios,tsdcpnk6103z@outlook.com,617284903,"Carrer de Gayarre, 118",VC1584730,Puerto Rico,05/09/1998
profile_188,Benítez,Benítez,igazanj3212i@outlook.com,707159246,"Carrer de Portbou, 62",GN6829054,Puerto Rico,13/12/1998
profile_189,Correa,Correa,qmvydiz2103j@outlook.com,689603175,"Carrer de Leiva, 153",WT3096842,Puerto Rico,22/03/1998
profile_190,Espinoza,Espinoza,devgsfu8453h@outlook.com,628451739,"Carrer de Sant Fructuós, 41",KF9712583,Puerto Rico,11/07/1998
profile_191,Acosta,Acosta,sbvynja1113g@outlook.com,731840592,"Carrer de la Creu dels Molers, 176",HZ2647301,Bolivia,28/10/1999
profile_192,Paredes,Paredes,gqdrkws2642y@outlook.com,674205813,"Carrer de Blai, 88",RM8054169,Bolivia,06/01/1999
profile_193,Mejía,Mejía,rauiwkh1513s@outlook.com,651983427,"Carrer de Salvà, 229",TX1936748,Bolivia,17/05/1999
profile_194,Montoya,Montoya,dthuhhi0467j@outlook.com,612350984,"Carrer de Tapioles, 106",CY5480217,Bolivia,29/08/1999
profile_195,Vera,Vera,pwuqfmq5555d@outlook.com,726741350,"Carrer de Margarit, 57",QV7263105,Bolivia,10/11/1999
profile_196,Soria,Soria,mqgxbrz0395u@outlook.com,695812643,"Carrer de Vila i Vilà, 198",ND4819573,Bolivia,21/02/1999
profile_197,Carrasco,Carrasco,oawpqks5963k@outlook.com,635097281,"Carrer de Puig i Xoriguer, 67",UJ3507481,Bolivia,04/04/1999
profile_198,Lozano,Lozano,vmobnkj1223m@outlook.com,713468925,"Carrer de Cabanes, 134",,Bolivia,15/06/1999
profile_199,Mora,Mora,wggwmyr0504r@outlook.com,658029174,"Carrer de Lleida, 244",,Bolivia,26/09/1999
profile_200,Figueroa,Figueroa,ebhzeyq5935r@outlook.com,684751930,"Carrer de Tamarit, 123",,Bolivia,07/12/1999
profile_201,,,,621604387,"Carrer de Rocafort, 271",,,19/03/2000
profile_202,,,,732518694,"Carrer de Casanova, 94",,,30/07/2000
profile_203,,,,670391528,"Carrer de Muntaner, 328",,,08/10/2000
profile_204,,,,643289710,"Carrer d'Aragó, 175",,,14/01/2000
profile_205,,,,619475832,"Carrer de Mallorca, 58",,,25/05/2000
profile_206,,,,708324651,"Carrer del Rosselló, 214",,,06/08/2000
profile_207,,,,687240519,"Carrer de Provença, 97",,,17/11/2000
profile_208,,,,624173968,"Carrer de Girona, 265",,,28/04/2000
profile_209,,,,741086235,"Carrer de Bailèn, 126",,,09/06/2000
profile_210,,,,678923410,"Carrer de Roger de Llúria, 203",,,20/12/2000
profile_211,,,,632758194,,,,02/02/2001
profile_212,,,,716540823,,,,13/04/2001
profile_213,,,,656281740,,,,24/07/2001
profile_214,,,,681439257,,,,05/10/2001
profile_215,,,,610824395,,,,16/01/2001
profile_216,,,,729150684,,,,27/03/2001
profile_217,,,,694617302,,,,08/06/2001
profile_218,,,,627985431,,,,19/09/2001
profile_219,,,,735402918,,,,30/11/2001
profile_220,,,,673840125,,,,12/05/2001
,,,,648153709,,,,
,,,,615692843,,,,
,,,,703571296,,,,
,,,,690348157,,,,
,,,,630927485,,,,
